{
 "_dirname": "{_root}",
 "_filename": "{_root}index.js",
 "_flags": {
  "body": {
   "trim": "ends"
  },
  "css": {
   "same": "append"
  },
  "head": {
   "trim": "ends"
  },
  "html": {
   "trim": "ends"
  },
  "title": {
   "trim": "ends"
  }
 },
 "_output_chunkname": "js",
 "_output_filename": "index.js",
 "_root": "./",
 "_site": "{_root}",
 "_sourcename": "index.^.js",
 "body": "Body is missing.",
 "css": "\n/*! minireset.css v0.0.3 | MIT License | github.com/jgthms/minireset.css */html,body,p,ol,ul,li,dl,dt,dd,blockquote,figure,fieldset,legend,textarea,pre,iframe,hr,h1,h2,h3,h4,h5,h6{margin:0;padding:0}h1,h2,h3,h4,h5,h6{font-size:100%;font-weight:normal}ul{list-style:none}button,input,select,textarea{margin:0}html{box-sizing:border-box}*,*:before,*:after{box-sizing:inherit}img,embed,iframe,object,audio,video{height:auto;max-width:100%}iframe{border:0}table{border-collapse:collapse;border-spacing:0}td,th{padding:0;text-align:left}\n\nbody\t{background:#ffffff; font-family:monospace, sans-serif; font-size:16px; line-height:24px; color:#444; width:100%; padding:0px;}\nh1\t\t{font-size:4em; font-weight:normal; color:#1400ff;}\nh2\t\t{font-size:2em; font-weight:normal;}\n\na\t\t{color:#1400ff;text-decoration:none;}\n\np\t\t{margin:16px;}\n\n/*\na.bar\t{color:#f7f4fd; background-color:#3a3a3a; border-radius:4px; padding:5px; text-decoration:none; border-bottom:none;}\na.bar:hover\t{background-color:#1400ff; border-bottom:none;}\n*/\n\n.nav\t{display:inline-block; vertical-align:top; width:50%;}\n.nav:nth-of-type(2)\t{text-align:right;}\n\n.line, .blog_wrap\t{border-top:1px dashed #1400ff; margin-top:40px; margin-bottom:40px; position:relative;}\n.blog_info\t{position:absolute; right:10px; top:10px;}\n\n\n#test div { margin:16px; }\n\n.arss_page\n{\n\tposition:absolute;\n\tleft:0px;\n\twidth:75%;\n\theight:100%;\n\toverflow:scroll;\n}\n\n#arss_butt_drag { width:16px; cursor: move; }\n#arss_butt_read { width:64px; cursor: pointer; }\n#arss_butt_feed { width:64px; cursor: pointer; }\n#arss_butt_opts { width:64px; cursor: pointer; }\n#arss_butt_status { text-align:left; }\n.arss_butt\n{\n\tline-height:32px;\n\theight:32px;\n\tdisplay:inline-block;\n\ttext-align:center;\n\tbackground:#f0f0f0;\n}\n.arss_butt:hover\n{\n\tbackground:#e0e0e0;\n}\n\n#arss_info_butt_load_opml { cursor: inherit; }\n.arss_info_butt\n{\n\tline-height:32px;\n\tdisplay:block;\n\ttext-align:center;\n\tbackground:#f0f0f0;\n\twidth:90%;\n\tmargin: 32px auto ;\n\tcursor: pointer;\n}\n.arss_info_butt:hover\n{\n\tbackground:#e0e0e0;\n}\n.arss_info_butt_info\n{\n\twidth:90%;\n\tmargin: 32px auto ;\n}\n.arss_info_butt_warn\n{\n\twidth:100%;\n\tpadding: 32px 5% ;\n\tbackground:#ffc0c0;\n}\n\n\n.arss_bar\n{\n\tposition:absolute;\n\tright:0px;\n\tleft:75%;\n\ttop: 0px;\n\theight:32px;\n\toverflow:hidden;\n\tbackground:#f0f0f0;\n}\n\n.arss_list_read\n{\n\twidth: 100%;\n}\n.arss_list_feed\n{\n\twidth: 100%;\n}\n.arss_list\n{\n\tposition:absolute;\n\tright:0px;\n\tleft:75%;\n\ttop: 32px;\n\tbottom:0px;\n\toverflow-x:hidden;\n\toverflow-y:scroll;\n}\n\n.arss_item_link\n{\n}\n\n.arss_item_checkbox\n{\n}\n\n.arss_item_date\n{\n\tposition: relative;\n\ttext-align: right;\n\tcursor: pointer;\n\theight:1.2em;\n\tline-height: 1.2em;\n}\n.arss_item_date_bar\n{\n\tposition: absolute;\n\tleft: 0px;\n\ttop: 0px;\n\tbackground: #fcc;\n\theight:1.2em;\n}\n.arss_item_date_text\n{\n\tposition: absolute;\n\tleft: 0px;\n\tright: 2px;\n\theight:1.2em;\n}\n\n.arss_item_feed\n{\n\tcursor: pointer;\n\ttext-align:right;\n\tpadding:0px 0px 0px 50%;\n\twidth: 100%;\n\tfont-size:8px;\n\tline-height:16px;\n}\n.arss_item\n{\n\tpadding:16px 8px;\n\twidth: 100%;\n    max-height: 1080px;\n    overflow: hidden;\n}\n\n.arss_info\n{\n\tpadding:16px 8px;\n\twidth: 100%;\n\tbackground:#ffffff;\n}\n\n.arss_feed\n{\n\tpadding:16px 8px;\n\twidth: 100%;\n}\n\n.arss_feed input[type=checkbox]\n{\n\tdisplay:inline-block;\n\twidth:32px;\n}\n\n.arss_feed input[type=text]\n{\n\tfont-size:24px;\n\twidth:100%;\n}\n\n.arss_feed_select\n{\n\tcursor: pointer;\n}\n\n.arss_feed_delete\n{\n\tcursor: pointer;\n}\n\n.active\n{\n\tbackground:#f0f0f0;\n}\n",
 "head": "<title>{title}</title>\n<style>\n{css}\n</style>",
 "html": "<!DOCTYPE html>\n<html>\n<head>\n\t<meta name=\"referrer\" content=\"no-referrer\"/>\n    <meta charset=\"utf-8\"><meta name=\"viewport\" content=\"width=device-width, initial-scale=1\">\n    <link rel=\"icon\" href=\"data:image/svg+xml,<svg xmlns='http://www.w3.org/2000/svg' viewBox='0 0 20 20'><text x='0' y='16'>🍑</text></svg>\" />\n    <script type=\"module\" src=\"index.js\"></script>\n    {head}\n</head>\n<body>{body}</body>\n</html>",
 "js": "\nimport arss from \"{_root}js/arss.js\"\n\narss.setup({})\n\n",
 "title": "Title is missing."
}